{
  "products": [
    {
      "id": "1",
      "name": "Dell XPS 13",
      "price": 999.99,
      "image": "/photos/Dell XPS 13.png",
      "description": "13-inch laptop with stunning display and high performance.",
      "quantity": 10
    },
    {
      "id": "2",
      "name": "Apple MacBook Air",
      "price": 1199.99,
      "image": "/photos/Apple MacBook Air.png",
      "description": "Lightweight laptop for portable performance.",
      "quantity": 6
    },
    {
      "id": "3",
      "name": "HP Spectre x360",
      "price": 1299.99,
      "image": "/photos/HP Spectre x360.png",
      "description": "Convertible laptop with a sleek design.",
      "quantity": 9
    },
    {
      "id": "4",
      "name": "Asus Rog Strix",
      "price": 1599.99,
      "image": "/photos/Asus Rog Strix.png",
      "description": "High-performance gaming laptop.",
      "quantity": 9
    },
    {
      "id": "5",
      "name": "Lenovo ThinkPad X1 Carbon",
      "price": 1399.99,
      "image": "/photos/Lenovo Thinkpad.png",
      "description": "Business laptop with exceptional build quality.",
      "quantity": 9
    }
  ],
  "cart": [
    {
      "id": "1",
      "name": "Dell XPS 13",
      "price": 999.99,
      "image": "/photos/Dell XPS 13.png",
      "description": "13-inch laptop with stunning display and high performance.",
      "quantity": 10
    }
  ]
}